{
  "person" : [ 
    {
      "firstName" : "Arvindhakrishna.k",
      "lastName" : "Krishnasamy",
      "dateOfBirth" : "24-11-1996",
      "address" : [{
        "street" : "vallalar nagar",
        "city" : "salem",
        "postalCode" : "636008"
      }]
    },
    {
    "firstName" : "Gowtham.k",
      "lastName" : "Krishnasamy",
      "dateOfBirth" : "30-05-1997",
      "address" : [ {
        "street" : "mahendrapuri",
        "city" : "salem",
        "postalCode" : "636007"
        }
      ]
    }
  ]
}